{
    "config": {
        "run_name": "exp0_before_changes",
        "out_dir": "./results",
        "seed": 42,
        "bs_train": 50,
        "bs_test": 12,
        "batches": 10000,
        "epochs": 30,
        "early_stopping": 5,
        "checkpoints": null,
        "lr": 0.001,
        "reg": 0.002,
        "filters_per_layer": [
            32
        ],
        "layers_per_block": 4,
        "pool_every": 4,
        "hidden_dims": [
            100,
            100
        ],
        "ycn": true,
        "kw": {}
    },
    "results": {
        "num_epochs": 0,
        "train_loss": [
            1.7115852689743043,
            1.4267662424900953,
            1.2690118098960204,
            1.1589177297844606,
            1.0905563774529625,
            1.0389926244230832,
            0.9969140085052042,
            0.9514212810993194,
            0.9123180865540224,
            0.8856161138590645,
            0.8518263363838195,
            0.8252027799452052,
            0.8051868524270899,
            0.774015534695457,
            0.7587210548625273,
            0.7293647656370612,
            0.7067143372928395,
            0.6900906627669053,
            0.6790352602215374,
            0.6542936656054329,
            0.6380205133732627,
            0.6166658424629885,
            0.6093136357209262,
            0.5850437016697491,
            0.5723810647515689,
            0.5573538981290425,
            0.5472539887533469,
            0.5318786632839371,
            0.5206401323570925,
            0.5046956300910781
        ],
        "train_acc": [
            36.663529411764706,
            48.12470588235294,
            54.32941176470588,
            58.68,
            61.315294117647056,
            62.92,
            64.87529411764706,
            65.99529411764706,
            67.53882352941176,
            68.40470588235294,
            69.87529411764706,
            70.81176470588235,
            71.63058823529411,
            72.68705882352941,
            73.28,
            73.99058823529411,
            75.06117647058824,
            75.56470588235294,
            75.84470588235294,
            76.72941176470589,
            77.43058823529412,
            78.00941176470589,
            78.28941176470589,
            79.27764705882353,
            79.68,
            80.08470588235294,
            80.50117647058823,
            81.16235294117647,
            81.43764705882353,
            82.0635294117647
        ],
        "test_loss": [
            1.4879393937061731,
            1.3482759828618962,
            1.2143349258019198,
            1.1648378350751862,
            1.1432300995794131,
            1.041757923557604,
            1.0638374065716776,
            1.031300520296577,
            1.0239449448937135,
            1.0399899168623437,
            0.9947517206200021,
            0.9841863580173154,
            1.0009516912648717,
            1.0575990260576458,
            0.9361665327486088,
            1.0167263674078513,
            0.9918382062757616,
            0.9952824109053011,
            0.9671738521872665,
            0.9285824845591895,
            1.013730399149785,
            0.9487300569490849,
            1.00157709970034,
            0.9874441619131634,
            0.9663348686155513,
            0.994235362464504,
            0.9795843650289863,
            1.0795895596095126,
            1.0330007103332084,
            1.0889003277092957
        ],
        "test_acc": [
            45.76,
            51.19,
            55.53,
            59.06,
            59.14,
            62.95,
            62.61,
            63.71,
            63.82,
            63.64,
            64.87,
            65.53,
            65.08,
            63.43,
            67.65,
            64.92,
            66.03,
            65.96,
            66.9,
            68.49,
            65.96,
            67.14,
            67.39,
            66.85,
            67.81,
            67.72,
            67.35,
            65.53,
            65.74,
            66.51
        ]
    }
}