{
  "config": {
    "run_name": "adam_lr_1e-3",
    "out_dir": "./results",
    "seed": 42,
    "bs_train": 50,
    "bs_test": 12,
    "batches": 10000,
    "epochs": 30,
    "early_stopping": 5,
    "checkpoints": null,
    "lr": 0.001,
    "reg": 0.002,
    "filters_per_layer": [
      32
    ],
    "layers_per_block": 4,
    "pool_every": 2,
    "hidden_dims": [
      200,
      200
    ],
    "ycn": true,
    "kw": {}
  },
  "results": {
    "num_epochs": 0,
    "train_loss": [
      2.3030183865042293,
      2.3028156939674824,
      2.3027512067907,
      2.3027252718981575,
      2.302751799471238,
      2.302773531184477,
      2.302729178877438,
      2.302762237436631,
      2.302773881519542,
      2.302730998431935,
      2.302765863642973,
      2.3027614422405467,
      2.302745990192189,
      2.3028051351098453,
      2.302737124386956,
      2.302749457920299,
      2.3027380564633537,
      2.302763597824994,
      2.302773792883929,
      2.30274984331692,
      2.302736342374016,
      2.3027501978593716,
      2.3027801499647254,
      2.302763769486371,
      2.3027271441852344,
      2.302727791000815,
      2.3027323408687814,
      2.302775747916278,
      2.302778687757604,
      2.3027849477880142
    ],
    "train_acc": [
      10.030588235294118,
      9.948235294117646,
      10.021176470588236,
      9.990588235294117,
      9.743529411764706,
      9.76235294117647,
      10.047058823529412,
      9.84,
      9.715294117647058,
      9.764705882352942,
      9.814117647058824,
      10.021176470588236,
      10.08235294117647,
      9.910588235294117,
      9.67764705882353,
      9.701176470588235,
      9.825882352941177,
      9.912941176470587,
      9.663529411764706,
      9.828235294117647,
      9.816470588235294,
      9.945882352941176,
      9.712941176470588,
      9.868235294117648,
      9.99529411764706,
      9.903529411764707,
      9.854117647058823,
      9.882352941176471,
      9.992941176470588,
      9.694117647058823
    ],
    "test_loss": [
      2.302709839326872,
      2.3026505600062492,
      2.3026789023721816,
      2.3026051372647,
      2.302631949635147,
      2.302599291721408,
      2.302643195330668,
      2.302624937727583,
      2.3026355482119736,
      2.3026626124370586,
      2.302683430895817,
      2.3026367202937172,
      2.3027045040679495,
      2.302636890388507,
      2.3026205864455775,
      2.302622089854819,
      2.3026779515566016,
      2.3026408091437616,
      2.3026409840984026,
      2.3026429148886702,
      2.302602961194887,
      2.3026343952837607,
      2.302643699039944,
      2.3026522972600922,
      2.302626667834586,
      2.3026083053158914,
      2.302602600136535,
      2.302625433146525,
      2.302617767446047,
      2.3026061961404998
    ],
    "test_acc": [
      10.0,
      10.0,
      10.0,
      10.0,
      10.0,
      10.0,
      10.0,
      10.0,
      10.0,
      10.0,
      10.0,
      10.0,
      10.0,
      10.0,
      10.0,
      10.0,
      10.0,
      10.0,
      10.0,
      10.0,
      10.0,
      10.0,
      10.0,
      10.0,
      10.0,
      10.0,
      10.0,
      10.0,
      10.0,
      10.0
    ]
  }
}