{
  "config": {
    "run_name": "adam_lr=5e-3",
    "out_dir": "./results",
    "seed": 42,
    "bs_train": 50,
    "bs_test": 12,
    "batches": 10000,
    "epochs": 30,
    "early_stopping": 4,
    "checkpoints": null,
    "lr": 0.0008,
    "reg": 0.002,
    "filters_per_layer": [
      32
    ],
    "layers_per_block": 4,
    "pool_every": 4,
    "hidden_dims": [
      100,
      100
    ],
    "ycn": true,
    "kw": {}
  },
  "results": {
    "num_epochs": 0,
    "train_loss": [
      1.7224360527711755,
      1.4357861242574803,
      1.2755415460642647,
      1.1586964584098143,
      1.0813866158793954,
      1.0186917293071747,
      0.9692225176446578,
      0.9253448597823872,
      0.8894294954047484,
      0.8525644132670234,
      0.8129940698427313,
      0.7836507692757775,
      0.7567315769195556,
      0.7219042491562226,
      0.7025601778661503,
      0.6667602055563646,
      0.6415536590183483,
      0.6157562121573616,
      0.5987162193831276,
      0.5645980229097254,
      0.5466555311048732,
      0.5270666891687057,
      0.5066979707865154,
      0.48552600068204543,
      0.4598136145227096,
      0.4446769247510854,
      0.4302962924364735,
      0.41370388063437796,
      0.3999589922936524,
      0.3879169889758615
    ],
    "train_acc": [
      36.51529411764706,
      47.734117647058824,
      53.63294117647059,
      58.74588235294117,
      61.607058823529414,
      63.84235294117647,
      65.77411764705883,
      67.28470588235294,
      68.37882352941176,
      69.73176470588236,
      71.18117647058824,
      72.19764705882353,
      73.00941176470589,
      74.37411764705882,
      75.02588235294118,
      76.14588235294117,
      77.01411764705882,
      77.87764705882353,
      78.64941176470589,
      80.05882352941177,
      80.47058823529412,
      81.37176470588236,
      81.88235294117646,
      82.79058823529412,
      83.48941176470588,
      84.15529411764706,
      84.86588235294117,
      85.32705882352941,
      85.74117647058823,
      86.17647058823529
    ],
    "test_loss": [
      1.4921763384227844,
      1.3122811714093463,
      1.2327665499717497,
      1.143121830672383,
      1.1305968301902287,
      1.0439199833668393,
      1.0394874105958058,
      1.0154094406597907,
      1.0538057353999688,
      0.9796506853894793,
      0.992576911527333,
      0.996661698878955,
      0.9648602721180847,
      0.9382396037165496,
      0.9360897819058215,
      0.9807002201444096,
      1.0208031919737943,
      1.0113908931863107,
      1.0002627291267725,
      0.9818574718201903,
      1.0353820956260753,
      1.0107558585024423,
      1.0341297625441201,
      1.0330080116341869,
      1.068978647417802,
      1.099010641742453,
      1.0931346383597924,
      1.1221741124433722,
      1.129678290319457,
      1.100686525684788
    ],
    "test_acc": [
      45.38,
      51.53,
      54.36,
      59.52,
      59.54,
      62.82,
      63.03,
      64.35,
      63.29,
      65.77,
      64.71,
      65.42,
      65.91,
      67.31,
      67.78,
      66.95,
      65.6,
      65.94,
      66.61,
      66.96,
      67.0,
      66.83,
      67.23,
      66.44,
      66.34,
      66.69,
      66.9,
      66.14,
      65.64,
      66.4
    ]
  }
}