{
  "config": {
    "run_name": "adam_lr=1e-2",
    "out_dir": "./results",
    "seed": 42,
    "bs_train": 50,
    "bs_test": 12,
    "batches": 10000,
    "epochs": 30,
    "early_stopping": 4,
    "checkpoints": null,
    "lr": 0.0005,
    "reg": 0.002,
    "filters_per_layer": [
      32
    ],
    "layers_per_block": 4,
    "pool_every": 4,
    "hidden_dims": [
      100,
      100
    ],
    "ycn": true,
    "kw": {}
  },
  "results": {
    "num_epochs": 0,
    "train_loss": [
      1.7690607483246747,
      1.4721604993764092,
      1.352647545968785,
      1.2514166283607482,
      1.1599238230200375,
      1.0883075115259957,
      1.0260097596224615,
      0.9720566236271577,
      0.9255162248190711,
      0.886419207909528,
      0.8422038123186897,
      0.803589448543156,
      0.773226867738892,
      0.7351529145591399,
      0.6993055772781372,
      0.661821965434972,
      0.6286496883280137,
      0.5983419922169517,
      0.5709243119464201,
      0.5284185436192681,
      0.5108798277728698,
      0.4759414297166993,
      0.45109074185876286,
      0.4243264956334058,
      0.4003278653937228,
      0.378068402058938,
      0.35840416031725264,
      0.3511457917006577,
      0.31818942602942973,
      0.30761849834200217
    ],
    "train_acc": [
      34.81411764705882,
      46.5035294117647,
      51.02117647058824,
      54.84705882352941,
      58.383529411764705,
      61.19764705882353,
      63.51529411764706,
      65.4,
      67.10588235294118,
      68.61647058823529,
      70.18117647058824,
      71.46823529411765,
      72.66823529411765,
      73.77411764705883,
      75.09176470588235,
      76.35529411764706,
      77.76941176470588,
      78.86588235294117,
      79.73411764705882,
      81.25882352941177,
      81.70117647058824,
      83.06588235294117,
      83.82352941176471,
      84.9435294117647,
      85.6564705882353,
      86.44941176470589,
      87.16941176470588,
      87.48,
      88.81176470588235,
      89.06823529411764
    ],
    "test_loss": [
      1.5049503660030503,
      1.3810377859240242,
      1.303465158176079,
      1.2698228242728922,
      1.215102545720496,
      1.1073342644803816,
      1.0938069262593197,
      1.09235535379794,
      1.09462020317499,
      1.03768741512756,
      1.0587641272148927,
      1.0587817126576848,
      1.0195270476581382,
      1.032225688584417,
      1.0481782690655412,
      1.0558514528208784,
      1.0751670841082965,
      1.0982307026462017,
      1.1619710171287008,
      1.100719533235335,
      1.1264474606699795,
      1.1649129744574462,
      1.2243863539301234,
      1.2241995819806337,
      1.28611355824329,
      1.3133941669222549,
      1.3314320855825352,
      1.3973944270961005,
      1.4014321582512461,
      1.4236239646550277
    ],
    "test_acc": [
      45.24,
      49.16,
      52.55,
      53.63,
      56.01,
      60.65,
      61.02,
      61.3,
      61.46,
      63.35,
      63.05,
      62.51,
      64.51,
      64.66,
      64.47,
      63.93,
      63.68,
      64.11,
      63.89,
      64.9,
      64.11,
      64.1,
      63.39,
      63.33,
      63.52,
      64.29,
      63.56,
      62.62,
      63.12,
      63.24
    ]
  }
}