{
  "config": {
    "run_name": "batch_norm",
    "out_dir": "./results",
    "seed": 42,
    "bs_train": 50,
    "bs_test": 12,
    "batches": 10000,
    "epochs": 30,
    "early_stopping": 4,
    "checkpoints": null,
    "lr": 0.0008,
    "reg": 0.002,
    "filters_per_layer": [
      32
    ],
    "layers_per_block": 4,
    "pool_every": 4,
    "hidden_dims": [
      100,
      100
    ],
    "ycn": true,
    "kw": {}
  },
  "results": {
    "num_epochs": 0,
    "train_loss": [
      1.5669435042493483,
      1.2196838280032662,
      1.0328959490271175,
      0.9099107314207975,
      0.8189565489572638,
      0.7576884658196393,
      0.7075829067300348,
      0.6438387834324556,
      0.5942265474095064,
      0.5491564449843238,
      0.5112925790337955,
      0.47333329092930343,
      0.42832780173596213,
      0.40756208047270776,
      0.3765049631367711,
      0.3516319337311913,
      0.32792175090049996,
      0.31282739774269214,
      0.2994165294924203,
      0.29085058065460007,
      0.27824716202476446,
      0.2770079734023003,
      0.2625717139507041,
      0.2570884350029861,
      0.2530793881241013,
      0.24152553457985906,
      0.2508911530848812,
      0.2294995343356448,
      0.23370733969790095,
      0.23229042725527987
    ],
    "train_acc": [
      43.32,
      56.345882352941175,
      63.16705882352941,
      67.97411764705882,
      70.99764705882353,
      73.16705882352942,
      74.91764705882353,
      77.24235294117648,
      79.16470588235295,
      80.48705882352941,
      81.8635294117647,
      83.12470588235294,
      84.93176470588236,
      85.56235294117647,
      86.63529411764706,
      87.60470588235295,
      88.43294117647059,
      88.83529411764705,
      89.35058823529411,
      89.75529411764705,
      90.15058823529412,
      90.16235294117647,
      90.88470588235295,
      90.89411764705882,
      91.12705882352941,
      91.46352941176471,
      91.14823529411764,
      91.90352941176471,
      91.89411764705882,
      91.86117647058823
    ],
    "test_loss": [
      1.2665493016620335,
      1.1515600267860244,
      1.0707745358026286,
      0.9451376114674895,
      0.9391222038178992,
      0.8999419496070853,
      0.9056394946107047,
      0.9736246356396652,
      0.9513953262381702,
      0.960366706370557,
      0.9892973870360594,
      1.0444760440136318,
      1.0172928572371065,
      1.0214776284144007,
      1.0336529766108922,
      1.1140240367359038,
      1.1724810811626218,
      1.1625793352209441,
      1.2771549888683273,
      1.2182241539678555,
      1.2772946409117296,
      1.2668647232160588,
      1.314007973872411,
      1.234974406780206,
      1.2989455317917595,
      1.3710568278616995,
      1.3677085209012532,
      1.3634709938980942,
      1.3216838581248564,
      1.4184381066479808
    ],
    "test_acc": [
      54.18,
      59.16,
      61.73,
      66.11,
      67.26,
      68.59,
      68.13,
      66.83,
      68.3,
      68.52,
      68.16,
      66.96,
      68.49,
      67.8,
      67.88,
      66.78,
      67.13,
      67.4,
      65.25,
      66.58,
      66.43,
      66.61,
      66.77,
      66.66,
      65.95,
      66.08,
      65.48,
      65.98,
      66.34,
      64.48
    ]
  }
}