{
  "config": {
    "run_name": "batch_norm_lr_1e-3",
    "out_dir": "./results",
    "seed": 42,
    "bs_train": 50,
    "bs_test": 12,
    "batches": 10000,
    "epochs": 30,
    "early_stopping": 4,
    "checkpoints": null,
    "lr": 0.001,
    "reg": 0.002,
    "filters_per_layer": [
      32
    ],
    "layers_per_block": 4,
    "pool_every": 2,
    "hidden_dims": [
      200,
      200
    ],
    "ycn": true,
    "kw": {}
  },
  "results": {
    "num_epochs": 0,
    "train_loss": [
      1.5928271928254296,
      1.1713893522935754,
      0.9782573635437909,
      0.8548219953214421,
      0.773128882541376,
      0.7084864816946141,
      0.6651111453420976,
      0.6256958911348792,
      0.5931879554425968,
      0.5607756694625405,
      0.5407447988846723,
      0.5086393145953908,
      0.48710631924517017,
      0.46904700244174286,
      0.44799674581078924,
      0.4296763479884933,
      0.4133771440912695,
      0.3989631306774476,
      0.38385363931165023,
      0.3762173908160013,
      0.36195357010645024,
      0.3495868538407718,
      0.33912621357423417,
      0.3390821994446656,
      0.3233383354237851,
      0.3196185701208956,
      0.30533982408397337,
      0.31229255485184054,
      0.29707331246751195,
      0.29380973059464904
    ],
    "train_acc": [
      41.383529411764705,
      57.731764705882355,
      65.30823529411765,
      69.94823529411765,
      72.85411764705883,
      74.86117647058823,
      76.58117647058823,
      78.08,
      79.07764705882353,
      80.11529411764705,
      80.85176470588236,
      82.04470588235294,
      82.52235294117646,
      83.49882352941177,
      84.16,
      84.69411764705882,
      85.17176470588235,
      85.95764705882353,
      86.39058823529412,
      86.71529411764706,
      87.33882352941177,
      87.46588235294118,
      87.97411764705882,
      88.06117647058824,
      88.59529411764706,
      88.64235294117647,
      89.20235294117647,
      88.8,
      89.56235294117647,
      89.67058823529412
    ],
    "test_loss": [
      1.2499235215232813,
      1.0543704199240649,
      0.9845714190487953,
      0.8874259982928098,
      0.8142398510762542,
      0.8147688308190242,
      0.7781587334291683,
      0.7850467058376586,
      0.757891024188172,
      0.7740808134134725,
      0.7649668611416356,
      0.7554277239648772,
      0.758471370935976,
      0.8089301034504418,
      0.7820506823702539,
      0.8110319101776507,
      0.7835529019198507,
      0.8649458159788621,
      0.8166311096011413,
      0.8206732834396745,
      0.8284174164319389,
      0.8384420139808878,
      0.8665367438082697,
      0.9023974233081372,
      0.8597483759259077,
      0.9014849524288405,
      0.925074211851084,
      0.8749328928528358,
      0.9771526959429917,
      0.8618302863220767
    ],
    "test_acc": [
      54.75,
      62.6,
      65.01,
      68.78,
      71.96,
      71.63,
      73.25,
      73.06,
      73.87,
      74.11,
      73.77,
      74.87,
      74.61,
      73.43,
      74.15,
      73.59,
      74.51,
      72.87,
      74.41,
      74.21,
      73.97,
      74.39,
      73.78,
      71.76,
      74.55,
      73.22,
      72.8,
      74.14,
      72.67,
      74.05
    ]
  }
}