{
  "config": {
    "run_name": "batch_norm_lr_3e-3",
    "out_dir": "./results",
    "seed": 42,
    "bs_train": 50,
    "bs_test": 12,
    "batches": 10000,
    "epochs": 30,
    "early_stopping": 4,
    "checkpoints": null,
    "lr": 0.003,
    "reg": 0.002,
    "filters_per_layer": [
      32
    ],
    "layers_per_block": 4,
    "pool_every": 2,
    "hidden_dims": [
      200,
      200
    ],
    "ycn": true,
    "kw": {}
  },
  "results": {
    "num_epochs": 0,
    "train_loss": [
      1.7001914983637192,
      1.305033552015529,
      1.134423072828966,
      1.038408560402253,
      0.9893987665456884,
      0.9436147323075463,
      0.920312977012466,
      0.9001449026079739,
      0.8830530579651104,
      0.8731262631977306,
      0.8587610791010015,
      0.8480685286662157,
      0.8408827207368963,
      0.8411238676660201,
      0.8298077240060358,
      0.818926691938849,
      0.8296840635818593,
      0.8098978210547391,
      0.810080650624107,
      0.8114513912621666,
      0.8043887249161216,
      0.8004435469473109,
      0.7987116206393522,
      0.7955811563660117,
      0.7915883986739551,
      0.7901054288709864,
      0.7925448502512539,
      0.7861743358654134,
      0.7844469547271729,
      0.783314948572832
    ],
    "train_acc": [
      36.237647058823526,
      52.432941176470585,
      59.40470588235294,
      63.20470588235294,
      64.97882352941177,
      66.66588235294118,
      67.67764705882352,
      68.18117647058824,
      69.01411764705882,
      69.28,
      69.96470588235294,
      70.15294117647059,
      70.39764705882352,
      70.60705882352941,
      71.02823529411765,
      71.59294117647059,
      70.98823529411764,
      71.53411764705882,
      71.50117647058823,
      71.68705882352941,
      71.86117647058823,
      72.0,
      72.19294117647058,
      72.42117647058824,
      72.38117647058823,
      72.25176470588235,
      72.16470588235295,
      72.46352941176471,
      72.5764705882353,
      72.7129411764706
    ],
    "test_loss": [
      1.3764642546359869,
      1.1600781807081877,
      1.134964559271896,
      1.055737499656866,
      0.9496678864176896,
      0.9561615229653512,
      0.9507033731654394,
      0.965370366952831,
      0.9241068921179223,
      0.8948976053930014,
      0.8928683958858323,
      0.9123998216087583,
      0.9022106777528207,
      0.8837474254038122,
      0.9229407983539487,
      0.8671532533616185,
      0.8563958729664198,
      0.8747780603899372,
      0.9027472448577698,
      0.8555956241860092,
      0.8404513085864002,
      0.8454906505217655,
      0.868311866894543,
      0.8986657245500054,
      0.8543252723751594,
      0.8489289726588509,
      0.8722434713364505,
      0.9171649622474071,
      0.8977158846293422,
      0.8494401743872274
    ],
    "test_acc": [
      49.39,
      58.49,
      59.63,
      62.82,
      66.54,
      66.26,
      66.29,
      66.87,
      67.9,
      68.39,
      68.37,
      67.81,
      68.58,
      68.51,
      67.54,
      69.59,
      70.34,
      69.28,
      68.81,
      70.49,
      70.95,
      70.95,
      69.91,
      69.27,
      70.64,
      70.68,
      69.87,
      68.78,
      69.35,
      70.47
    ]
  }
}