{
  "config": {
    "run_name": "l2_0.1",
    "out_dir": "./results",
    "seed": 42,
    "bs_train": 64,
    "bs_test": 16,
    "batches": 10000,
    "epochs": 30,
    "early_stopping": 4,
    "checkpoints": null,
    "lr": 0.001,
    "reg": 0.01,
    "filters_per_layer": [
      128
    ],
    "layers_per_block": 4,
    "pool_every": 2,
    "hidden_dims": [
      200,
      200
    ],
    "ycn": true,
    "kw": {}
  },
  "results": {
    "num_epochs": 0,
    "train_loss": [
      1.7731594824253167,
      1.4294403944696699,
      1.2539866841825327,
      1.1576204529382232,
      1.092617350323756,
      1.0587401871394393,
      1.019057946366475,
      0.9960805968234413,
      0.9681384826065006,
      0.9330087124853206,
      0.9105684719139472,
      0.892457205729377,
      0.8882228917197177,
      0.8584699179893149,
      0.8473936251231602,
      0.8433912259295471,
      0.8311350758810688,
      0.8212975787937193,
      0.8205525263359672,
      0.8089072370887699,
      0.8001783194846677,
      0.796957719438058,
      0.7905561298580098,
      0.7872637773366798,
      0.7848268798867563,
      0.7782012653530093,
      0.784501774508254,
      0.7786480961437512,
      0.7774804701930598,
      0.7698689733680926
    ],
    "train_acc": [
      33.80470588235294,
      47.80235294117647,
      54.66823529411765,
      58.411764705882355,
      60.78588235294118,
      62.08941176470588,
      63.57176470588235,
      64.62823529411764,
      65.61647058823529,
      66.85176470588236,
      67.74352941176471,
      68.47058823529412,
      68.49882352941177,
      69.76705882352941,
      70.29176470588236,
      70.35529411764706,
      70.65882352941176,
      71.40705882352941,
      71.23529411764706,
      71.56941176470588,
      72.07764705882353,
      71.91764705882353,
      72.20705882352941,
      72.31764705882352,
      72.48,
      72.67529411764706,
      72.54588235294118,
      72.69176470588235,
      72.74588235294118,
      73.09176470588235
    ],
    "test_loss": [
      1.649234814453125,
      1.2762392343521118,
      1.2784440889358522,
      1.0988697278499604,
      1.1151310865402222,
      1.2087405850410462,
      1.1971798082351686,
      1.199843818807602,
      1.035046918106079,
      0.9783325610160828,
      0.9662895758152008,
      1.22416762342453,
      0.974083783197403,
      0.9127588835239411,
      0.9515070533752441,
      0.8836079630851745,
      0.846194642829895,
      1.1242047918319702,
      0.87615043592453,
      0.8681959061622619,
      0.920754143190384,
      0.972575044631958,
      0.8978324702739715,
      0.8735065453767776,
      0.8669510493278504,
      0.8410699070215225,
      0.9924192804336548,
      0.8517552523851395,
      0.9310195275306702,
      0.823036448264122
    ],
    "test_acc": [
      40.72,
      53.51,
      54.32,
      61.17,
      60.5,
      57.17,
      58.4,
      56.67,
      64.36,
      64.47,
      65.85,
      55.66,
      65.45,
      67.87,
      66.48,
      69.68,
      69.88,
      61.89,
      69.51,
      69.18,
      68.87,
      65.59,
      68.2,
      68.98,
      69.77,
      70.79,
      65.06,
      69.53,
      68.27,
      71.38
    ]
  }
}