{
  "config": {
    "run_name": "drop_out_p_hidden_0.5_p_visible_0.2",
    "out_dir": "./results",
    "seed": 42,
    "bs_train": 50,
    "bs_test": 12,
    "batches": 10000,
    "epochs": 30,
    "early_stopping": 4,
    "checkpoints": null,
    "lr": 0.001,
    "reg": 0.002,
    "filters_per_layer": [
      32
    ],
    "layers_per_block": 4,
    "pool_every": 2,
    "hidden_dims": [
      200,
      200
    ],
    "ycn": true,
    "kw": {}
  },
  "results": {
    "num_epochs": 0,
    "train_loss": [
      1.7908373672821942,
      1.4073348262029535,
      1.225439010998782,
      1.1235229572829077,
      1.0472704515036415,
      0.9947168810227338,
      0.9506782453901628,
      0.9210541103867923,
      0.8929788915550008,
      0.8735261242529925,
      0.8559859600487877,
      0.8328982914896572,
      0.8188973490630879,
      0.8019991478849859,
      0.7921116400466246,
      0.7794513732896131,
      0.7677963089241701,
      0.7629399559077095,
      0.7481265788218554,
      0.7444268887183245,
      0.7376923722379348,
      0.730437695664518,
      0.715022637984332,
      0.7146066668454338,
      0.7107436096668244,
      0.700944940552992,
      0.7046213828114902,
      0.6961576193571091,
      0.6863344561352449,
      0.68495741500574
    ],
    "train_acc": [
      35.023529411764706,
      49.89411764705882,
      56.62352941176471,
      60.712941176470586,
      63.345882352941175,
      65.42823529411764,
      67.0635294117647,
      68.32941176470588,
      69.04,
      69.45882352941176,
      70.39294117647059,
      71.33176470588235,
      71.83764705882353,
      72.29176470588236,
      72.6470588235294,
      73.17882352941176,
      73.52235294117646,
      73.57882352941176,
      74.34823529411764,
      74.56,
      74.61176470588235,
      74.76470588235294,
      75.29882352941176,
      75.38823529411765,
      75.46117647058824,
      76.01411764705882,
      75.79764705882353,
      75.83058823529412,
      76.23294117647059,
      76.44235294117647
    ],
    "test_loss": [
      1.3774400051835058,
      1.1723934557440756,
      1.0481345305661502,
      0.9607964030487074,
      0.9126383104770304,
      0.9147913310882285,
      0.909457885157719,
      0.8580937527959867,
      0.8243605398910223,
      0.8428502304376744,
      0.8132885782945928,
      0.8286520505337407,
      0.8041745176096614,
      0.8040882684647751,
      0.8067889239111964,
      0.8197998013213385,
      0.782673214140127,
      0.8020861827605348,
      0.7554971541030159,
      0.777873471540084,
      0.7639868826799684,
      0.8220937521748548,
      0.7810309314720636,
      0.8155770529981712,
      0.7678883072051356,
      0.7785484370210474,
      0.7711804146014101,
      0.7985935135246467,
      0.7822596075937902,
      0.8124530801562955
    ],
    "test_acc": [
      49.55,
      58.61,
      62.95,
      66.37,
      68.34,
      68.51,
      68.61,
      69.97,
      71.51,
      71.0,
      72.18,
      72.16,
      72.5,
      71.75,
      72.56,
      71.33,
      73.13,
      72.46,
      73.86,
      73.1,
      73.74,
      72.14,
      72.77,
      71.82,
      73.52,
      73.18,
      73.52,
      72.66,
      73.37,
      72.56
    ]
  }
}