{
  "config": {
    "run_name": "l2_0.1",
    "out_dir": "./results",
    "seed": 42,
    "bs_train": 64,
    "bs_test": 16,
    "batches": 10000,
    "epochs": 30,
    "early_stopping": 4,
    "checkpoints": null,
    "lr": 0.001,
    "reg": 0.001,
    "filters_per_layer": [
      128
    ],
    "layers_per_block": 4,
    "pool_every": 2,
    "hidden_dims": [
      200,
      200
    ],
    "ycn": true,
    "kw": {}
  },
  "results": {
    "num_epochs": 0,
    "train_loss": [
      1.473778085690692,
      1.033925840370637,
      0.8290289704064677,
      0.7105189244325896,
      0.6078961383131214,
      0.5398751082052862,
      0.48103722466113874,
      0.4253289711430557,
      0.3793790030748324,
      0.3268250662357287,
      0.29530971019871927,
      0.2667331182867064,
      0.2540330903534602,
      0.23047975748777388,
      0.21250493692276173,
      0.2104552334356577,
      0.20439984964248828,
      0.1876301821517317,
      0.1999559051168144,
      0.17116203050416215,
      0.1774517014870399,
      0.16110098976291773,
      0.1629301208087166,
      0.16131560807840642,
      0.15360108448150464,
      0.15908856549601358,
      0.1676173081971649,
      0.1541926509889781,
      0.1483088867591792,
      0.15555874932915342
    ],
    "train_acc": [
      46.308235294117644,
      63.33176470588235,
      70.90117647058824,
      74.89882352941177,
      78.60235294117648,
      81.24,
      83.07058823529412,
      85.11294117647058,
      86.82352941176471,
      88.53176470588235,
      89.66823529411765,
      90.67529411764706,
      91.15058823529412,
      91.87529411764706,
      92.57882352941176,
      92.68470588235294,
      92.94823529411765,
      93.44,
      93.0729411764706,
      94.07764705882353,
      93.88941176470588,
      94.4,
      94.37882352941176,
      94.50823529411765,
      94.72470588235294,
      94.62352941176471,
      94.40470588235294,
      94.72705882352942,
      94.94588235294118,
      94.64470588235294
    ],
    "test_loss": [
      1.2206827726364136,
      0.9088643693447113,
      0.8161685531139373,
      0.7982407136797905,
      0.8079557512283325,
      0.7929026439189911,
      0.8111986914157867,
      0.7662434026002883,
      0.7164055206418037,
      0.8160310504078865,
      0.7958500810325145,
      0.858124712061882,
      0.873142158794403,
      0.8644550043404102,
      0.8828478413939476,
      0.9667891720294952,
      0.8554446833491325,
      1.1830356069505215,
      0.9286909398436546,
      0.9256193349599838,
      0.9289298125624657,
      0.9226594629168511,
      0.9884493848085404,
      0.9263104043364525,
      1.0113194050490857,
      0.9873302263617516,
      0.9782422664284706,
      0.9666084355175495,
      0.9843104043602944,
      1.0110971397429704
    ],
    "test_acc": [
      56.56,
      68.14,
      71.33,
      72.96,
      73.28,
      72.98,
      73.29,
      74.51,
      76.78,
      75.63,
      75.61,
      75.33,
      74.89,
      76.33,
      75.23,
      74.01,
      75.42,
      71.59,
      75.59,
      75.56,
      76.63,
      75.84,
      75.63,
      75.82,
      75.17,
      74.81,
      75.67,
      74.85,
      74.26,
      75.51
    ]
  }
}