{
  "config": {
    "run_name": "drop_out_p_hidden_0.1_p_visible_0.1",
    "out_dir": "./results",
    "seed": 42,
    "bs_train": 50,
    "bs_test": 12,
    "batches": 10000,
    "epochs": 30,
    "early_stopping": 4,
    "checkpoints": null,
    "lr": 0.001,
    "reg": 0.002,
    "filters_per_layer": [
      32
    ],
    "layers_per_block": 4,
    "pool_every": 2,
    "hidden_dims": [
      200,
      200
    ],
    "ycn": true,
    "kw": {}
  },
  "results": {
    "num_epochs": 0,
    "train_loss": [
      1.7277806590585147,
      1.311165802969652,
      1.1203822848376106,
      1.0109273583748761,
      0.9411100582164876,
      0.8850526358099545,
      0.8413521501597236,
      0.8179195312191458,
      0.7801245043558233,
      0.7542428557311788,
      0.7387811635522281,
      0.7252523642778397,
      0.7020928471228656,
      0.6871424700232113,
      0.6809008269099628,
      0.6613568878524444,
      0.6513306046934689,
      0.6467000692732194,
      0.6381711270528682,
      0.6213585801685557,
      0.6091004171441583,
      0.6049515026983093,
      0.5960079803186304,
      0.5909901521311087,
      0.5799010965929312,
      0.5710146899258389,
      0.5731553852558136,
      0.5676070408786045,
      0.5647191588142338,
      0.5634753317517393
    ],
    "train_acc": [
      37.12235294117647,
      52.98823529411764,
      60.44470588235294,
      64.76,
      67.10352941176471,
      68.7764705882353,
      70.44235294117647,
      71.55764705882353,
      72.91764705882353,
      73.72941176470589,
      74.30117647058823,
      74.76,
      75.74823529411765,
      76.00470588235294,
      76.26588235294118,
      77.10588235294118,
      77.32235294117648,
      77.5835294117647,
      77.79058823529412,
      78.68235294117648,
      79.0070588235294,
      78.94823529411765,
      79.59764705882353,
      79.28470588235294,
      80.04470588235294,
      80.15294117647059,
      80.2870588235294,
      80.26588235294118,
      80.48941176470588,
      80.26823529411764
    ],
    "test_loss": [
      1.325920398572652,
      1.1315713366515916,
      1.012842586107677,
      0.9388473874909414,
      0.8513312769486464,
      0.8539655141586022,
      0.8177773243517613,
      0.8025734672050396,
      0.7758392665526278,
      0.7869750734159557,
      0.8144236326181917,
      0.7820660624858573,
      0.8147143553451097,
      0.8252387995735633,
      0.748782172312232,
      0.7911053374767018,
      0.7917250118417134,
      0.8167571615811875,
      0.7379366194771276,
      0.7674821753957146,
      0.7505226032652086,
      0.751396490464197,
      0.7393539453492605,
      0.7744248244348618,
      0.7960391213862802,
      0.7663116540170187,
      0.7822436084055143,
      0.7729285577361247,
      0.7736834377648948,
      0.7566960286929739
    ],
    "test_acc": [
      51.13,
      59.52,
      64.75,
      67.11,
      70.5,
      70.14,
      71.78,
      72.32,
      72.88,
      72.56,
      71.49,
      73.39,
      72.51,
      71.93,
      74.73,
      73.34,
      73.6,
      72.39,
      74.52,
      73.97,
      74.08,
      74.22,
      74.84,
      73.81,
      73.11,
      74.35,
      73.3,
      74.32,
      74.38,
      74.24
    ]
  }
}