{
  "config": {
    "run_name": "l2_0.1",
    "out_dir": "./results",
    "seed": 42,
    "bs_train": 64,
    "bs_test": 16,
    "batches": 10000,
    "epochs": 30,
    "early_stopping": 4,
    "checkpoints": null,
    "lr": 0.001,
    "reg": 0.0001,
    "filters_per_layer": [
      128
    ],
    "layers_per_block": 4,
    "pool_every": 2,
    "hidden_dims": [
      200,
      200
    ],
    "ycn": true,
    "kw": {}
  },
  "results": {
    "num_epochs": 0,
    "train_loss": [
      1.4030228690993516,
      0.9168725806967657,
      0.697554396821144,
      0.5626834510636509,
      0.42816806227192844,
      0.33036800703608005,
      0.2442410492023131,
      0.21185206533934836,
      0.1576434390997528,
      0.13279422344429825,
      0.1286178055456231,
      0.10207935775581159,
      0.1041151088802494,
      0.09828225843804447,
      0.09529630253966757,
      0.10588951225819668,
      0.08255755162403373,
      0.07945177963255604,
      0.07933926694462215,
      0.07886854741403734,
      0.0774765309538076,
      0.07624821394009698,
      0.07319008211708755,
      0.06775129611895611,
      0.07081291032272315,
      0.07479374597752397,
      0.06495239978404085,
      0.06206285283267078,
      0.07182598287201157,
      0.08071766135727469
    ],
    "train_acc": [
      48.87294117647059,
      67.73411764705882,
      75.37411764705882,
      80.22117647058823,
      85.08470588235294,
      88.44235294117647,
      91.36470588235294,
      92.48,
      94.52470588235295,
      95.31294117647059,
      95.51529411764706,
      96.45176470588235,
      96.49411764705883,
      96.68470588235294,
      96.83294117647058,
      96.4235294117647,
      97.24235294117648,
      97.32941176470588,
      97.44705882352942,
      97.32705882352941,
      97.46823529411765,
      97.4,
      97.52235294117646,
      97.75058823529412,
      97.67764705882352,
      97.53647058823529,
      97.84705882352941,
      97.91058823529411,
      97.60941176470588,
      97.45176470588235
    ],
    "test_loss": [
      1.2015791193962098,
      0.8474249850273132,
      0.7788863990306855,
      0.7713943108320236,
      0.820278445482254,
      0.815032223200798,
      0.9286487052693964,
      1.0316403020322322,
      1.0701664870470762,
      1.167355586373806,
      1.1018426596820354,
      1.2087812932133675,
      1.1793712418317794,
      1.3137281334668398,
      1.4607970056176185,
      1.343897539511323,
      1.4746122246131301,
      1.2873558241903782,
      1.3665435140252113,
      1.414082886326313,
      1.359102810898423,
      1.5259399816319346,
      1.358930874222517,
      1.5203029313892127,
      1.41830876365304,
      1.4114530022919178,
      1.439672979645431,
      1.3770498924562709,
      1.4535625576883555,
      1.3797210655861534
    ],
    "test_acc": [
      57.25,
      70.67,
      73.18,
      74.65,
      74.26,
      75.39,
      75.61,
      75.28,
      75.7,
      74.46,
      75.7,
      74.7,
      75.49,
      73.9,
      73.91,
      74.65,
      74.3,
      75.77,
      75.0,
      74.27,
      74.79,
      74.3,
      74.33,
      74.96,
      74.91,
      75.47,
      75.17,
      74.91,
      73.95,
      74.32
    ]
  }
}