{
  "config": {
    "run_name": "drop_out_p_hidden_0.5_p_visible_0.2",
    "out_dir": "./results",
    "seed": 42,
    "bs_train": 50,
    "bs_test": 12,
    "batches": 10000,
    "epochs": 30,
    "early_stopping": 4,
    "checkpoints": null,
    "lr": 0.001,
    "reg": 0.002,
    "filters_per_layer": [
      32
    ],
    "layers_per_block": 4,
    "pool_every": 2,
    "hidden_dims": [
      200,
      200
    ],
    "ycn": true,
    "kw": {}
  },
  "results": {
    "num_epochs": 0,
    "train_loss": [
      1.9009242105484008,
      1.5629271733059602,
      1.390115354902604,
      1.2762395773915685,
      1.2098389203408184,
      1.1513965623519,
      1.1114995776204502,
      1.0846305544937358,
      1.0585562623248381,
      1.034881989640348,
      1.0192466503732345,
      0.9956459405842949,
      0.9784129990549648,
      0.9684581062372993,
      0.9549721677163068,
      0.9440694355263429,
      0.9387316256410936,
      0.9278239106781343,
      0.9165645481909023,
      0.9171717583782533,
      0.9001759766480502,
      0.8998305298300351,
      0.8914135293399587,
      0.8847782158851624,
      0.8901751258443383,
      0.8805215019688887,
      0.8831169516198776,
      0.8772685389308369,
      0.8697336119413376,
      0.8652263155053643
    ],
    "train_acc": [
      30.185882352941178,
      44.315294117647056,
      50.77647058823529,
      55.385882352941174,
      57.82588235294118,
      60.36705882352941,
      61.86352941176471,
      62.72705882352941,
      63.78588235294118,
      64.54823529411765,
      64.91529411764706,
      65.98117647058824,
      66.43058823529412,
      66.80470588235295,
      67.26823529411764,
      67.64,
      67.79058823529412,
      68.45176470588235,
      68.43058823529412,
      68.50588235294117,
      69.17176470588235,
      69.28470588235294,
      69.6329411764706,
      69.68235294117648,
      69.51764705882353,
      70.00941176470589,
      69.65411764705883,
      70.07529411764706,
      70.27058823529411,
      70.21882352941176
    ],
    "test_loss": [
      1.507989114565815,
      1.3191889227151299,
      1.1476424174557487,
      1.0684299949619125,
      1.0523150462469608,
      1.0044218879595077,
      1.015742540681105,
      0.9812279161360624,
      0.9455494243178151,
      0.9699853098006557,
      0.9536158501994696,
      0.9181702062844944,
      0.9458965378628075,
      0.9193525227139608,
      0.9064966722500982,
      0.893638127820669,
      0.8864155574846897,
      0.9102059423709087,
      0.8713100057640236,
      0.8843809299403244,
      0.8837332938858073,
      0.9363758163414985,
      0.8665268218202843,
      0.856912593207628,
      0.874977014512181,
      0.8802784353816252,
      0.871945395351028,
      0.8726945189263323,
      0.8549874321126537,
      0.8732772122184149
    ],
    "test_acc": [
      45.62,
      54.37,
      59.41,
      62.32,
      62.7,
      64.79,
      64.55,
      65.61,
      67.5,
      66.3,
      66.77,
      68.58,
      67.76,
      67.72,
      69.24,
      69.16,
      69.7,
      68.23,
      69.83,
      69.68,
      69.23,
      68.04,
      70.49,
      70.52,
      69.79,
      69.74,
      70.36,
      69.75,
      70.43,
      70.17
    ]
  }
}