{
  "config": {
    "run_name": "exp1_1_K32_L4",
    "out_dir": "./results",
    "seed": 42,
    "bs_train": 64,
    "bs_test": 16,
    "batches": 10000,
    "epochs": 30,
    "early_stopping": 5,
    "checkpoints": null,
    "lr": 0.001,
    "reg": 0.002,
    "filters_per_layer": [
      128
    ],
    "layers_per_block": 4,
    "pool_every": 2,
    "hidden_dims": [
      200,
      200
    ],
    "ycn": true,
    "kw": {}
  },
  "results": {
    "num_epochs": 0,
    "train_loss": [
      1.4998565359223157,
      1.0699146077148896,
      0.8699937191672791,
      0.7646265709758702,
      0.6943374221038101,
      0.6338706370134999,
      0.5841418381024124,
      0.5553521257594116,
      0.5171080609461418,
      0.4765949307079602,
      0.4515287210618643,
      0.419719869996372,
      0.40679342074501784,
      0.373983403816259,
      0.364486359586393,
      0.34796719387509767,
      0.32201338901107474,
      0.3062909217817443,
      0.3110353602614618,
      0.2851704313902927,
      0.2810898919190679,
      0.27117890792905835,
      0.26467235955178625,
      0.2565832331084254,
      0.24339849114754147,
      0.2409238754134429,
      0.24275003689572328,
      0.23496128129667807,
      0.23350596868790183,
      0.22366331649482027
    ],
    "train_acc": [
      45.23058823529412,
      61.93176470588235,
      69.33411764705882,
      73.19058823529411,
      75.5835294117647,
      77.80941176470589,
      79.52705882352942,
      80.81647058823529,
      81.99058823529411,
      83.11529411764705,
      83.9835294117647,
      85.33882352941177,
      85.77176470588235,
      86.87764705882353,
      87.33176470588235,
      87.75529411764705,
      88.59058823529412,
      89.32,
      88.82117647058824,
      89.98588235294118,
      90.08,
      90.60470588235295,
      90.63529411764706,
      90.97176470588235,
      91.41411764705883,
      91.68,
      91.47529411764705,
      91.77411764705883,
      91.82823529411765,
      92.0564705882353
    ],
    "test_loss": [
      1.3226422543525695,
      0.9544363839626312,
      0.8734213496208191,
      0.8573717295408249,
      0.7901306032657623,
      0.7280338091373444,
      1.0172158309221269,
      0.7621397050619125,
      0.7003632431507111,
      0.6921831768155098,
      0.687415414595604,
      0.7307710171699524,
      0.7511516782224178,
      0.7066119286894799,
      0.8058664006471634,
      0.6990585527420043,
      0.7116759337544442,
      0.9498158203125,
      0.8215593492686748,
      0.7356654723405838,
      0.804535239815712,
      0.7579593987703324,
      0.9405027432858944,
      0.7794862323462963,
      0.8948078832775355,
      0.8293861122429371,
      0.8008225504606962,
      0.8585505829751492,
      0.904027058288455,
      0.7882319206953049
    ],
    "test_acc": [
      53.66,
      66.1,
      69.24,
      70.5,
      72.68,
      74.67,
      67.13,
      73.67,
      76.06,
      76.41,
      77.02,
      75.34,
      75.93,
      76.82,
      74.03,
      77.19,
      76.86,
      72.53,
      74.46,
      76.78,
      76.02,
      76.94,
      73.47,
      76.41,
      75.54,
      75.91,
      76.79,
      75.16,
      74.57,
      76.75
    ]
  }
}