{
  "config": {
    "run_name": "VGGpretraind",
    "out_dir": "./results",
    "seed": 3,
    "bs_train": 64,
    "bs_test": 16,
    "batches": 10000,
    "epochs": 30,
    "early_stopping": 5,
    "checkpoints": null,
    "lr": 0.001,
    "reg": 0.002,
    "filters_per_layer": [
      128
    ],
    "layers_per_block": 4,
    "pool_every": 2,
    "hidden_dims": [
      200,
      200
    ],
    "ycn": true,
    "kw": {}
  },
  "results": {
    "num_epochs": 0,
    "train_loss": [
      1.4611594302313669,
      1.0114187141110127,
      0.8253093839812099,
      0.7278676778750313,
      0.6583480882465391,
      0.6012049763946605,
      0.5572065455572945,
      0.5192292598069163,
      0.4780741554902012,
      0.45759292977644983,
      0.42858503494495737,
      0.40181979609835417,
      0.375670801674513,
      0.3608001156184906,
      0.33210571637531194,
      0.32481590085907985,
      0.3175949629536249,
      0.29922304369117086,
      0.28748999936015984,
      0.27809006896122057,
      0.26788950529985855,
      0.25642474024255474,
      0.2501236287274755,
      0.24988906577341538,
      0.24448372599549759,
      0.24525270756698192,
      0.26373835754461755,
      0.22038466301851703,
      0.22135598516665903,
      0.22362298411422207
    ],
    "train_acc": [
      46.578823529411764,
      64.30588235294118,
      70.99058823529411,
      74.49882352941177,
      76.88470588235295,
      78.88941176470588,
      80.60470588235295,
      81.68470588235294,
      83.28470588235294,
      83.91058823529411,
      85.17411764705882,
      86.03058823529412,
      86.87529411764706,
      87.32705882352941,
      88.28235294117647,
      88.53647058823529,
      88.93176470588236,
      89.44705882352942,
      89.97176470588235,
      90.17882352941176,
      90.61882352941177,
      90.99058823529411,
      91.28941176470589,
      91.28235294117647,
      91.45647058823529,
      91.37647058823529,
      90.84,
      92.22117647058823,
      92.30117647058823,
      92.24
    ],
    "test_loss": [
      1.2218514047622682,
      0.9442921609401703,
      0.8157983711957931,
      0.7790485789060593,
      0.7871136196136475,
      0.7157393779993058,
      0.7410095697402954,
      0.706824137377739,
      0.7493959407806396,
      1.1771225496292115,
      0.7598200748443603,
      0.7585279636502266,
      0.7229649703860282,
      0.7355470867872238,
      0.7745544921487569,
      0.8100113168954849,
      0.8010363152682781,
      0.8711249053359031,
      0.7727089000701904,
      0.7816408974915743,
      0.7928224924743176,
      0.8391543424367904,
      0.8575728682279586,
      0.833432179069519,
      0.9193021510601044,
      0.8925548113048076,
      0.815618534630537,
      0.9069398683607578,
      0.8500369645655155,
      0.8574912441164255
    ],
    "test_acc": [
      56.74,
      66.06,
      71.61,
      73.06,
      72.2,
      75.08,
      74.93,
      76.13,
      75.05,
      65.34,
      74.82,
      75.61,
      76.19,
      76.07,
      74.7,
      75.55,
      75.09,
      73.61,
      76.61,
      76.79,
      75.71,
      73.93,
      75.96,
      76.04,
      74.06,
      74.72,
      75.78,
      74.93,
      76.0,
      75.89
    ]
  }
}