{
  "config": {
    "run_name": "l2_0.1",
    "out_dir": "./results",
    "seed": 42,
    "bs_train": 50,
    "bs_test": 12,
    "batches": 10000,
    "epochs": 30,
    "early_stopping": 4,
    "checkpoints": null,
    "lr": 0.001,
    "reg": 0.002,
    "filters_per_layer": [
      32
    ],
    "layers_per_block": 4,
    "pool_every": 2,
    "hidden_dims": [
      200,
      200
    ],
    "ycn": true,
    "kw": {}
  },
  "results": {
    "num_epochs": 0,
    "train_loss": [
      1.8241928291320801,
      1.3922371470226962,
      1.2267612830330343,
      1.1135650596899145,
      1.0462322998748106,
      0.9877642693940331,
      0.9297644813621745,
      0.8872167039618772,
      0.8442769995507072,
      0.8058527625658933,
      0.7730943264680751,
      0.7483015388951582,
      0.7221022280524759,
      0.6956897065569373,
      0.6827753596446093,
      0.6624889218456604,
      0.6531224077589372,
      0.634146353637471,
      0.6233600243400125,
      0.6139402797993492,
      0.6064405882709166,
      0.5896166969572797,
      0.5895064044875257,
      0.5865658336527207,
      0.5786451811299604,
      0.5692678392634672,
      0.5634040765026036,
      0.5565739431626656,
      0.551607484729851,
      0.5459883544024299
    ],
    "train_acc": [
      37.218823529411765,
      50.501176470588234,
      57.28235294117647,
      61.50588235294118,
      64.05176470588235,
      65.9435294117647,
      67.96705882352941,
      69.30117647058823,
      71.08470588235294,
      72.32705882352941,
      73.46588235294118,
      74.40941176470588,
      75.27529411764706,
      76.32470588235294,
      76.74823529411765,
      77.40235294117647,
      77.67764705882352,
      78.26117647058824,
      78.72235294117647,
      79.05882352941177,
      79.46352941176471,
      79.90352941176471,
      80.04,
      80.20941176470588,
      80.32470588235294,
      80.84470588235294,
      80.89176470588235,
      81.3529411764706,
      81.32470588235294,
      81.58117647058823
    ],
    "test_loss": [
      1.4847863686027574,
      1.34527406092885,
      1.1565543653296053,
      1.2212822429067511,
      1.0466298024645813,
      1.0231288569829733,
      0.952948032398161,
      0.9612098641925865,
      0.8996900955407168,
      0.8712368748671145,
      0.8257841207980395,
      0.8204161406045766,
      0.8181292062147344,
      0.8229374553320362,
      0.8030520504970344,
      0.7576387450813675,
      0.8291428749867195,
      0.7789562048225237,
      0.7968287950814914,
      0.7538081279797234,
      0.757766514516277,
      0.7432627253037848,
      0.773482743668542,
      0.7012978854770069,
      0.7476761364500871,
      0.7924927087228218,
      0.7550206142131516,
      0.8833535445912136,
      0.7736754383829286,
      0.7667646303335183
    ],
    "test_acc": [
      46.84,
      52.38,
      60.39,
      57.42,
      64.11,
      63.99,
      66.76,
      67.15,
      69.05,
      69.91,
      71.5,
      71.93,
      72.04,
      71.99,
      72.94,
      73.97,
      72.64,
      73.79,
      72.55,
      74.45,
      74.65,
      74.26,
      74.19,
      76.0,
      74.67,
      73.8,
      74.6,
      71.72,
      74.33,
      74.41
    ]
  }
}