{
  "config": {
    "run_name": "exp1_1_K32_L4",
    "out_dir": "./results",
    "seed": 3,
    "bs_train": 64,
    "bs_test": 16,
    "batches": 10000,
    "epochs": 30,
    "early_stopping": 5,
    "checkpoints": null,
    "lr": 0.001,
    "reg": 0.002,
    "filters_per_layer": [
      128
    ],
    "layers_per_block": 4,
    "pool_every": 2,
    "hidden_dims": [
      200,
      200
    ],
    "ycn": true,
    "kw": {}
  },
  "results": {
    "num_epochs": 0,
    "train_loss": [
      1.058201583973447,
      0.8465245315903112,
      0.8261479926288576,
      0.8000788960689889,
      0.7291791190330247,
      0.6815537942979569,
      0.6459013959518949,
      0.6174838299589945,
      0.5960993370167295,
      0.5840564506842678,
      0.5761141456159434,
      0.5536564996143929,
      0.5359870677827893,
      0.5353157204344756,
      0.526410849493249,
      0.5054923624248433,
      0.49939904094190524,
      0.491890496642966,
      0.4811557279717653,
      0.4732138131794177,
      0.47888584558228803,
      0.4648917325681314,
      0.47861275847693135,
      0.4530717736572251,
      0.446645856979198,
      0.46418314793504273,
      0.4463681998557614,
      0.46463202867740977,
      0.4333143000764058,
      0.44001379084766357
    ],
    "train_acc": [
      64.49882352941177,
      71.82352941176471,
      72.69176470588235,
      73.63529411764706,
      75.64470588235294,
      77.07529411764706,
      78.14823529411764,
      79.40705882352941,
      79.98823529411764,
      80.37647058823529,
      80.68941176470588,
      81.36941176470589,
      82.01176470588236,
      82.02588235294118,
      82.21411764705883,
      83.11764705882354,
      83.42588235294117,
      83.37882352941176,
      83.92235294117647,
      84.01411764705882,
      84.03764705882352,
      84.42588235294117,
      83.95764705882353,
      84.64,
      85.00235294117647,
      84.42823529411764,
      85.00235294117647,
      84.54588235294118,
      85.23294117647059,
      85.29882352941176
    ],
    "test_loss": [
      0.9408427261352539,
      1.1112216343402863,
      1.238560572695732,
      0.8871063436985016,
      0.8151471778392791,
      0.7698272979974746,
      0.8041928156852722,
      0.7447233068823814,
      0.7046746917486191,
      0.8154017594575882,
      0.789499237704277,
      0.7122234420537948,
      0.7106557494997978,
      0.7603356063842773,
      0.7025268509447574,
      0.7347651393592357,
      0.6795131085991859,
      0.708519258737564,
      0.6763789343595504,
      0.7146438381671906,
      0.70029226115942,
      0.7065480365157127,
      0.6679404244065285,
      0.6721412545084954,
      0.871132433617115,
      0.6808472253322602,
      0.7264399098873139,
      0.7195646316409111,
      0.6820315114915371,
      0.721680392897129
    ],
    "test_acc": [
      68.83,
      64.56,
      61.84,
      70.63,
      72.32,
      73.64,
      73.14,
      75.02,
      76.17,
      73.31,
      73.64,
      75.85,
      76.05,
      74.24,
      76.38,
      75.58,
      77.11,
      76.64,
      77.33,
      76.73,
      76.82,
      76.78,
      77.55,
      78.02,
      72.66,
      77.1,
      76.14,
      76.69,
      77.39,
      76.31
    ]
  }
}