{
  "config": {
    "run_name": "alexnet_pretrain",
    "out_dir": "./results",
    "seed": 42,
    "bs_train": 50,
    "bs_test": 12,
    "batches": 10000,
    "epochs": 30,
    "early_stopping": 4,
    "checkpoints": null,
    "lr": 0.001,
    "reg": 0.002,
    "filters_per_layer": [
      32
    ],
    "layers_per_block": 4,
    "pool_every": 2,
    "hidden_dims": [
      200,
      200
    ],
    "ycn": true,
    "kw": {}
  },
  "results": {
    "num_epochs": 0,
    "train_loss": [
      1.0030762726068496,
      0.7622623727952733,
      0.6970421063549378,
      0.6644678360574385,
      0.6347139688449748,
      0.6116311836417984,
      0.5873017849115765,
      0.5647375154670548,
      0.5526463699691436,
      0.5459713241808555,
      0.5276555510829477,
      0.5115990227110245,
      0.5101230905862415,
      0.49953945359762975,
      0.4964141386046129,
      0.48820300012826917,
      0.4865555118287311,
      0.48100901838611154,
      0.47515520255355276,
      0.4725148163998828,
      0.467817385179155,
      0.464408680656377,
      0.46285792447188323,
      0.46412073826088623,
      0.45783197020783145,
      0.4535360917098382,
      0.45098558161188573,
      0.4528981343612951,
      0.4487768913717831,
      0.4533260298301192
    ],
    "train_acc": [
      65.81647058823529,
      74.27529411764706,
      76.34823529411764,
      77.42117647058824,
      78.49411764705883,
      79.16,
      80.09647058823529,
      80.79529411764706,
      81.07058823529412,
      81.27764705882353,
      81.82588235294118,
      82.39764705882352,
      82.65411764705883,
      82.93176470588236,
      83.04235294117647,
      83.43529411764706,
      83.52941176470588,
      83.59764705882353,
      83.79058823529412,
      84.05882352941177,
      84.07058823529412,
      84.10117647058823,
      84.10823529411765,
      84.2,
      84.38588235294118,
      84.63529411764706,
      84.66823529411765,
      84.55058823529411,
      84.70588235294117,
      84.4164705882353
    ],
    "test_loss": [
      1.1920744208551997,
      0.7606014801229505,
      0.74644142740386,
      0.6953740309861353,
      0.6861040543416421,
      0.6810016553911517,
      0.7042878458825804,
      0.6554432435975157,
      0.6493015139937687,
      0.6459123086970415,
      0.6208828998376711,
      0.6346083487377321,
      0.6113759070072028,
      0.6372515026131551,
      0.6336589643119765,
      0.6367940214335275,
      0.5988211170625057,
      0.6100966200071702,
      0.6601243866719216,
      0.6280264021556298,
      0.605628309653049,
      0.6429276203946601,
      0.611276129582267,
      0.6836912710469761,
      0.6162384192166711,
      0.6620294490127826,
      0.6333475447833824,
      0.624001458090701,
      0.6229269958371453,
      0.6753851686843293
    ],
    "test_acc": [
      63.76,
      73.88,
      74.67,
      76.02,
      76.42,
      76.84,
      76.06,
      77.25,
      78.03,
      78.23,
      79.0,
      78.13,
      78.95,
      78.36,
      78.7,
      78.4,
      79.73,
      78.9,
      77.86,
      78.18,
      79.14,
      78.02,
      79.36,
      76.98,
      79.19,
      77.73,
      78.68,
      78.95,
      78.99,
      76.82
    ]
  }
}