{
  "config": {
    "run_name": "VGGpretraind",
    "out_dir": "./results",
    "seed": 3,
    "bs_train": 64,
    "bs_test": 16,
    "batches": 10000,
    "epochs": 30,
    "early_stopping": 5,
    "checkpoints": null,
    "lr": 0.001,
    "reg": 0.002,
    "filters_per_layer": [
      128
    ],
    "layers_per_block": 4,
    "pool_every": 2,
    "hidden_dims": [
      200,
      200
    ],
    "ycn": true,
    "kw": {}
  },
  "results": {
    "num_epochs": 0,
    "train_loss": [
      1.4353338382297889,
      0.9260222229742466,
      0.7837365300135505,
      0.6959536072454955,
      0.6455286726019436,
      0.6009330550530799,
      0.5815263080193585,
      0.5599973032573112,
      0.5423211720989163,
      0.501306878892999,
      0.49648325510491104,
      0.47472370515640516,
      0.4700511089841226,
      0.45555149077024676,
      0.44985558028732026,
      0.4320083448313233,
      0.4355679886233538,
      0.41676703976061114,
      0.4185334904749591,
      0.39333831986090295,
      0.3998433849081061,
      0.3916668290818544,
      0.37553230573360186,
      0.39203163685655235,
      0.38363131016941,
      0.3709596624499873,
      0.37987551858326546,
      0.38712444423060666,
      0.3645240505330993,
      0.3528777689189839
    ],
    "train_acc": [
      44.59058823529412,
      68.96235294117648,
      74.59764705882353,
      78.07529411764706,
      79.72941176470589,
      81.40941176470588,
      81.91058823529411,
      82.93411764705883,
      83.32941176470588,
      84.64941176470589,
      84.80470588235295,
      85.5035294117647,
      85.7129411764706,
      86.45176470588235,
      86.52470588235295,
      87.0635294117647,
      87.00470588235294,
      87.62117647058824,
      87.64235294117647,
      88.5035294117647,
      88.31529411764706,
      88.37882352941176,
      88.92941176470588,
      88.49882352941177,
      88.81411764705882,
      89.13176470588235,
      88.88941176470588,
      88.6635294117647,
      89.3364705882353,
      89.65411764705883
    ],
    "test_loss": [
      1.1360123566627502,
      0.8239666395425796,
      0.7838951645612716,
      0.8050051671981812,
      0.7052424945950508,
      0.7841596874475479,
      0.7993679889798164,
      0.7954021387815475,
      0.6795860924005508,
      0.7090728622794151,
      1.0284853519678117,
      0.7844416636347771,
      0.7886223687052727,
      0.8412209224760533,
      0.6778473285257817,
      0.8003667209535837,
      0.7652087873280048,
      0.6969578766018152,
      0.7019987380623818,
      0.7748193023264408,
      0.7604706698775291,
      0.8219460845887661,
      0.8251494531467557,
      0.6845411548137664,
      0.7015981233179569,
      0.7464089920073748,
      0.7923886125683784,
      0.9224367043629289,
      0.7970021446108818,
      0.7224439138382673
    ],
    "test_acc": [
      60.39,
      71.82,
      74.68,
      74.91,
      77.59,
      76.0,
      76.28,
      75.77,
      78.81,
      80.04,
      71.9,
      77.03,
      76.82,
      77.25,
      81.05,
      77.77,
      78.27,
      80.32,
      79.11,
      76.97,
      77.92,
      77.5,
      77.93,
      80.0,
      80.09,
      79.71,
      78.16,
      76.11,
      78.21,
      80.72
    ]
  }
}